payload size,conf-1-10-3,conf-1-5-3,conf-5-1-7,conf-5-2-7
262144,0.0209003646,0.011612618,0.006889762,0.0064544376
4096,0.00039321,0.0002373728,0.0001645522,0.000174148
16384,0.001152313,0.000637233,0.0004248146,0.0004547052
